id,FIRST_NAME,last_name,email,gender,ip_address
1,JASON,Hamilton,jhamilton0@discuz.net,Male,99.141.53.117
2,JUSTIN,Sanchez,jsanchez1@nsw.gov.au,Male,142.123.130.207
3,SHARON,Ruiz,sruiz2@netlog.com,Female,171.103.161.120
4,WANDA,Berry,wberry3@gmpg.org,Female,182.77.146.68
5,JACQUELINE,Woods,jwoods4@arizona.edu,Female,96.1.176.72
6,ADAM,Weaver,aweaver5@ucsd.edu,Male,232.126.103.179
7,SHIRLEY,Arnold,sarnold6@businessweek.com,Female,218.41.237.55
8,EARL,Jordan,ejordan7@china.com.cn,Male,135.133.63.70
9,MARIE,Day,mday8@sourceforge.net,Female,135.36.245.126
10,DANIEL,Ross,dross9@nbcnews.com,Male,144.47.95.184
11,BRIAN,Taylor,btaylora@google.co.jp,Male,221.134.86.43
12,DEBORAH,Hicks,dhicksb@so-net.ne.jp,Female,17.2.124.97
13,JANE,West,jwestc@timesonline.co.uk,Female,4.129.76.211
14,CARL,Johnston,cjohnstond@yandex.ru,Male,83.158.136.83
15,NORMA,Lee,nleee@sun.com,Female,245.248.247.252
16,PHYLLIS,Lynch,plynchf@hubpages.com,Female,17.15.30.164
17,ALBERT,Myers,amyersg@mozilla.com,Male,3.202.137.113
18,PHILLIP,Wagner,pwagnerh@hibu.com,Male,6.34.34.188
19,DORIS,Davis,ddavisi@rambler.ru,Female,211.229.169.178
20,JOAN,Lane,jlanej@nydailynews.com,Female,75.204.120.13
21,PHYLLIS,Henry,phenryk@upenn.edu,Female,221.108.19.2
22,JUAN,Nichols,jnicholsl@yellowpages.com,Male,165.71.159.9
23,AMY,Sullivan,asullivanm@technorati.com,Female,130.99.125.246
24,DOUGLAS,Harvey,dharveyn@army.mil,Male,27.255.111.40
25,JUSTIN,Stanley,jstanleyo@aboutads.info,Male,213.173.157.17
26,LARRY,Rice,lricep@zimbio.com,Male,239.110.200.221
27,NORMA,Franklin,nfranklinq@ehow.com,Female,32.135.146.149
28,CHARLES,Romero,cromeror@google.de,Male,56.70.96.11
29,DONNA,Dixon,ddixons@skype.com,Female,83.139.94.138
30,DANIEL,Johnston,djohnstont@house.gov,Male,92.190.48.216
31,JENNIFER,Freeman,jfreemanu@fc2.com,Female,51.230.141.107
32,JONATHAN,Fowler,jfowlerv@imgur.com,Male,224.83.178.49
33,BENJAMIN,Kim,bkimw@biglobe.ne.jp,Male,81.13.149.77
34,CLARENCE,Chapman,cchapmanx@chron.com,Male,250.36.193.90
35,WILLIE,Armstrong,warmstrongy@fastcompany.com,Male,243.13.80.136
36,MICHAEL,Barnes,mbarnesz@tripod.com,Male,101.22.222.60
37,PAUL,Lewis,plewis10@hp.com,Male,233.69.239.37
38,JONATHAN,Parker,jparker11@is.gd,Male,96.198.37.150
39,EVELYN,Henry,ehenry12@nps.gov,Female,227.232.92.11
40,WAYNE,Baker,wbaker13@nymag.com,Male,195.106.174.151
41,DEBORAH,Fowler,dfowler14@uiuc.edu,Female,21.192.109.164
42,JOE,Brooks,jbrooks15@vk.com,Male,145.36.62.124
43,WILLIE,Hicks,whicks16@gizmodo.com,Male,42.88.67.130
44,CHARLES,Marshall,cmarshall17@tinyurl.com,Male,212.163.2.85
45,RUSSELL,Sanders,rsanders18@github.com,Male,194.187.65.72
46,NICHOLAS,Mendoza,nmendoza19@godaddy.com,Male,68.249.133.173
47,SAMUEL,Williams,swilliams1a@acquirethisname.com,Male,140.40.41.40
48,HOWARD,Howell,hhowell1b@google.ru,Male,226.108.61.172
49,RUTH,Riley,rriley1c@youtu.be,Female,134.46.137.211
50,PHYLLIS,Lane,plane1d@github.io,Female,16.105.96.13
51,LAURA,Woods,lwoods1e@bbb.org,Female,4.24.47.65
52,JUDITH,Gray,jgray1f@uol.com.br,Female,49.189.137.215
53,MARGARET,Coleman,mcoleman1g@webmd.com,Female,109.62.96.0
54,JERRY,Meyer,jmeyer1h@seattletimes.com,Male,75.52.186.8
55,MELISSA,Holmes,mholmes1i@apache.org,Female,140.166.5.184
56,KENNETH,Baker,kbaker1j@state.tx.us,Male,242.114.19.196
57,LISA,Dixon,ldixon1k@japanpost.jp,Female,15.233.190.100
58,SUSAN,Price,sprice1l@toplist.cz,Female,97.232.134.82
59,STEPHANIE,Jackson,sjackson1m@altervista.org,Female,204.48.62.28
60,SAMUEL,Gardner,sgardner1n@tiny.cc,Male,73.168.113.92
61,KELLY,Hanson,khanson1o@mtv.com,Female,80.228.248.57
62,BRANDON,Fuller,bfuller1p@devhub.com,Male,108.12.19.185
63,KIMBERLY,Peters,kpeters1q@furl.net,Female,220.235.28.235
64,TINA,Hernandez,thernandez1r@ox.ac.uk,Female,72.14.255.113
65,HENRY,Howell,hhowell1s@simplemachines.org,Male,72.13.38.9
66,STEPHEN,Simmons,ssimmons1t@imageshack.us,Male,80.131.183.209
67,JULIA,Coleman,jcoleman1u@51.la,Female,80.193.29.149
68,RUSSELL,Garrett,rgarrett1v@huffingtonpost.com,Male,163.211.29.166
69,JAMES,Ford,jford1w@hugedomains.com,Male,141.59.225.185
70,RUTH,Mills,rmills1x@businessinsider.com,Female,172.152.244.249
71,JOSHUA,Reyes,jreyes1y@opensource.org,Male,51.122.34.70
72,SHIRLEY,Rodriguez,srodriguez1z@blog.com,Female,194.163.12.172
73,ASHLEY,Mendoza,amendoza20@e-recht24.de,Female,193.167.36.236
74,RUTH,Carr,rcarr21@usnews.com,Female,143.215.27.103
75,CAROLYN,Ross,cross22@skyrock.com,Female,14.12.34.30
76,EMILY,Miller,emiller23@skyrock.com,Female,123.33.228.71
77,DIANA,Johnston,djohnston24@wordpress.org,Female,7.174.48.216
78,NICHOLAS,Hamilton,nhamilton25@printfriendly.com,Male,221.199.61.146
79,EMILY,Pierce,epierce26@netlog.com,Female,128.31.98.115
80,ARTHUR,Armstrong,aarmstrong27@hhs.gov,Male,250.247.29.116
81,WAYNE,Mccoy,wmccoy28@si.edu,Male,23.160.190.228
82,PETER,Mendoza,pmendoza29@mediafire.com,Male,244.157.245.220
83,SUSAN,Gutierrez,sgutierrez2a@si.edu,Female,108.66.166.41
84,ANNIE,Lewis,alewis2b@canalblog.com,Female,138.243.158.30
85,EVELYN,Johnston,ejohnston2c@flavors.me,Female,140.232.196.133
86,EUGENE,Austin,eaustin2d@ifeng.com,Male,194.220.79.160
87,REBECCA,Peterson,rpeterson2e@miibeian.gov.cn,Female,78.24.152.165
88,DONALD,Cole,dcole2f@fda.gov,Male,50.62.161.100
89,STEVE,Butler,sbutler2g@dailymotion.com,Male,163.241.254.128
90,PHILLIP,Schmidt,pschmidt2h@list-manage.com,Male,247.48.23.128
91,MILDRED,Perkins,mperkins2i@cnn.com,Female,190.69.222.156
92,GARY,King,gking2j@jimdo.com,Male,221.9.140.191
93,LAWRENCE,Gordon,lgordon2k@dot.gov,Male,66.48.82.63
94,DOUGLAS,Cole,dcole2l@prweb.com,Male,120.22.146.169
95,AMANDA,Dean,adean2m@so-net.ne.jp,Female,114.127.113.22
96,BILLY,Elliott,belliott2n@nih.gov,Male,88.55.35.57
97,ROY,Chavez,rchavez2o@xinhuanet.com,Male,108.45.43.69
98,CRAIG,Mccoy,cmccoy2p@histats.com,Male,172.157.48.153
99,DEBRA,Holmes,dholmes2q@si.edu,Female,201.24.109.9
100,JUSTIN,Romero,jromero2r@webs.com,Male,20.31.168.247
101,RANDY,Russell,rrussell2s@smugmug.com,Male,82.155.11.200
102,MELISSA,Cole,mcole2t@ft.com,Female,178.62.59.254
103,JACQUELINE,Kim,jkim2u@facebook.com,Female,82.194.76.210
104,JESSICA,Dunn,jdunn2v@mayoclinic.com,Female,59.54.253.69
105,KENNETH,Snyder,ksnyder2w@unc.edu,Male,83.147.117.76
106,ADAM,Clark,aclark2x@sphinn.com,Male,208.87.110.202
107,PAUL,Berry,pberry2y@1688.com,Male,144.250.126.133
108,PHYLLIS,Kelly,pkelly2z@newsvine.com,Female,73.82.81.18
109,EMILY,Scott,escott30@scientificamerican.com,Female,79.79.89.34
110,TAMMY,Murray,tmurray31@wikimedia.org,Female,167.254.252.131
111,RUTH,Mason,rmason32@archive.org,Female,14.113.124.222
112,TERRY,Austin,taustin33@wisc.edu,Male,29.29.122.106
113,DIANA,Kelley,dkelley34@diigo.com,Female,235.240.169.220
114,DORIS,Perry,dperry35@opera.com,Female,27.128.28.191
115,SEAN,Walker,swalker36@blogger.com,Male,241.158.176.79
116,DAVID,Nichols,dnichols37@barnesandnoble.com,Male,234.182.19.175
117,ANDREW,Richardson,arichardson38@opera.com,Male,105.58.216.68
118,BRUCE,Lopez,blopez39@adobe.com,Male,236.254.212.214
119,CHRISTINA,Jacobs,cjacobs3a@exblog.jp,Female,230.247.67.234
120,PETER,Armstrong,parmstrong3b@prnewswire.com,Male,62.44.176.176
121,BRENDA,Vasquez,bvasquez3c@xing.com,Female,109.76.253.81
122,RYAN,Lee,rlee3d@51.la,Male,101.24.82.155
123,PAULA,Gilbert,pgilbert3e@wordpress.com,Female,255.41.153.36
124,CHARLES,James,cjames3f@redcross.org,Male,151.211.5.221
125,STEVE,Howell,showell3g@google.nl,Male,26.129.191.105
126,JESSICA,Murray,jmurray3h@weather.com,Female,53.6.27.251
127,MARY,Richards,mrichards3i@unc.edu,Female,136.162.186.103
128,KATHERINE,Roberts,kroberts3j@mysql.com,Female,81.245.220.216
129,LAWRENCE,Reid,lreid3k@google.fr,Male,163.160.145.25
130,JENNIFER,Miller,jmiller3l@parallels.com,Female,33.215.95.131
131,DENNIS,Mcdonald,dmcdonald3m@theatlantic.com,Male,252.6.138.49
132,FRANCES,Nichols,fnichols3n@cdc.gov,Female,122.171.47.106
133,NANCY,Reyes,nreyes3o@kickstarter.com,Female,182.78.159.136
134,PHYLLIS,Jenkins,pjenkins3p@scientificamerican.com,Female,54.3.219.146
135,CRAIG,Hernandez,chernandez3q@cargocollective.com,Male,83.231.233.188
136,SANDRA,Miller,smiller3r@spiegel.de,Female,24.222.54.250
137,JOE,Banks,jbanks3s@samsung.com,Male,152.175.229.85
138,EDWARD,West,ewest3t@tripod.com,Male,219.158.56.63
139,CHRIS,Black,cblack3u@gravatar.com,Male,98.71.74.35
140,ASHLEY,Willis,awillis3v@sourceforge.net,Female,122.122.165.17
141,RUBY,Bishop,rbishop3w@google.ru,Female,199.24.162.57
142,JOSHUA,Gray,jgray3x@seesaa.net,Male,50.71.183.185
143,ROSE,Hicks,rhicks3y@dailymail.co.uk,Female,231.206.61.83
144,ADAM,Lawrence,alawrence3z@china.com.cn,Male,76.215.80.25
145,LAURA,Harris,lharris40@sciencedaily.com,Female,169.130.208.29
146,DONNA,Schmidt,dschmidt41@hud.gov,Female,54.145.26.135
147,SHIRLEY,Matthews,smatthews42@wp.com,Female,123.217.8.205
148,RANDY,Ryan,rryan43@pinterest.com,Male,3.210.78.64
149,REBECCA,Hicks,rhicks44@ted.com,Female,149.127.173.44
150,CHERYL,Fernandez,cfernandez45@redcross.org,Female,63.40.232.107
151,CAROL,Harris,charris46@irs.gov,Female,23.38.4.3
152,ROSE,Patterson,rpatterson47@bizjournals.com,Female,118.254.111.210
153,TIMOTHY,Dean,tdean48@constantcontact.com,Male,30.5.60.174
154,CYNTHIA,Richardson,crichardson49@deviantart.com,Female,210.16.61.42
155,LOIS,Oliver,loliver4a@w3.org,Female,233.35.176.26
156,MICHAEL,Cox,mcox4b@trellian.com,Male,249.101.21.122
157,ANTHONY,Gordon,agordon4c@howstuffworks.com,Male,89.101.170.202
158,CHERYL,Frazier,cfrazier4d@purevolume.com,Female,52.102.235.223
159,PAUL,Russell,prussell4e@weebly.com,Male,2.182.22.49
160,ANNA,Warren,awarren4f@unicef.org,Female,38.115.198.47
161,EMILY,Sanders,esanders4g@mac.com,Female,146.204.63.110
162,LAURA,Little,llittle4h@cam.ac.uk,Female,110.21.42.109
163,MARY,Bradley,mbradley4i@technorati.com,Female,145.27.60.227
164,EDWARD,Wagner,ewagner4j@google.de,Male,82.75.228.173
165,DIANA,Holmes,dholmes4k@ted.com,Female,70.224.111.142
166,BRANDON,Matthews,bmatthews4l@miibeian.gov.cn,Male,197.123.192.52
167,ROBIN,Lawson,rlawson4m@cnet.com,Female,124.78.141.189
168,ASHLEY,Garza,agarza4n@uol.com.br,Female,3.11.105.46
169,JUAN,Fernandez,jfernandez4o@friendfeed.com,Male,73.122.114.194
170,DENISE,Parker,dparker4p@zdnet.com,Female,175.203.100.136
171,SEAN,Richards,srichards4q@usatoday.com,Male,176.11.16.194
172,AMANDA,Duncan,aduncan4r@phpbb.com,Female,127.38.158.141
173,SANDRA,Davis,sdavis4s@marketwatch.com,Female,105.95.30.5
174,MARK,Little,mlittle4t@mozilla.org,Male,156.3.223.126
175,CATHERINE,Stanley,cstanley4u@dot.gov,Female,19.239.138.37
176,DIANA,Perry,dperry4v@youku.com,Female,78.70.30.168
177,JEAN,Olson,jolson4w@xing.com,Female,145.81.246.100
178,STEVE,Thompson,sthompson4x@cbslocal.com,Male,77.246.58.82
179,RAYMOND,Tucker,rtucker4y@t.co,Male,28.16.216.76
180,NICOLE,Freeman,nfreeman4z@cnbc.com,Female,197.63.121.210
181,DOROTHY,Flores,dflores50@icq.com,Female,18.35.200.231
182,TINA,Grant,tgrant51@ox.ac.uk,Female,39.178.150.160
183,MARILYN,Johnson,mjohnson52@xing.com,Female,66.204.119.202
184,LARRY,Carr,lcarr53@google.de,Male,85.27.48.50
185,JUAN,Hamilton,jhamilton54@barnesandnoble.com,Male,94.115.189.76
186,JOSHUA,Simmons,jsimmons55@infoseek.co.jp,Male,99.170.68.186
187,WALTER,Elliott,welliott56@chicagotribune.com,Male,69.39.179.76
188,CARL,Weaver,cweaver57@accuweather.com,Male,49.143.116.250
189,BOBBY,Fisher,bfisher58@tripod.com,Male,50.12.1.217
190,DENISE,Welch,dwelch59@cbslocal.com,Female,24.169.190.107
191,ANNE,Richards,arichards5a@acquirethisname.com,Female,19.248.38.110
192,TINA,Hill,thill5b@state.tx.us,Female,104.198.102.220
193,BRANDON,Weaver,bweaver5c@state.gov,Male,193.98.180.195
194,TINA,Mills,tmills5d@infoseek.co.jp,Female,180.182.139.21
195,RICHARD,Griffin,rgriffin5e@merriam-webster.com,Male,229.233.22.251
196,JANE,Turner,jturner5f@naver.com,Female,5.66.196.31
197,PAULA,Sanders,psanders5g@sbwire.com,Female,172.179.6.133
198,EDWARD,Rice,erice5h@soundcloud.com,Male,165.211.188.249
199,PAUL,Powell,ppowell5i@jigsy.com,Male,232.104.110.153
200,HELEN,Graham,hgraham5j@rakuten.co.jp,Female,242.178.80.24
201,ASHLEY,Stephens,astephens5k@mapquest.com,Female,216.247.108.205
202,ANDREW,Hughes,ahughes5l@so-net.ne.jp,Male,139.215.65.224
203,GERALD,Grant,ggrant5m@wufoo.com,Male,98.196.15.133
204,MICHELLE,Hart,mhart5n@xinhuanet.com,Female,69.132.102.134
205,KEITH,Alexander,kalexander5o@godaddy.com,Male,24.33.208.15
206,SANDRA,Hayes,shayes5p@google.it,Female,50.175.29.50
207,ROGER,Greene,rgreene5q@intel.com,Male,198.103.39.236
208,RUBY,Richards,rrichards5r@abc.net.au,Female,70.225.149.204
209,DONALD,Medina,dmedina5s@answers.com,Male,120.41.76.253
210,LINDA,Cruz,lcruz5t@blogtalkradio.com,Female,0.145.223.141
211,PAUL,Lawrence,plawrence5u@wired.com,Male,63.18.243.17
212,JANET,Fowler,jfowler5v@rambler.ru,Female,23.0.133.150
213,VICTOR,Wood,vwood5w@themeforest.net,Male,77.190.108.145
214,ROBIN,Shaw,rshaw5x@twitpic.com,Female,107.28.192.196
215,MARK,Hunter,mhunter5y@washington.edu,Male,68.59.73.143
216,PAMELA,Mason,pmason5z@rakuten.co.jp,Female,83.87.222.142
217,ANDREW,Barnes,abarnes60@goodreads.com,Male,26.76.31.217
218,THOMAS,Murray,tmurray61@nature.com,Male,28.197.60.129
219,ANN,Baker,abaker62@mozilla.org,Female,140.239.196.123
220,LOUISE,Richardson,lrichardson63@nydailynews.com,Female,49.37.5.86
221,MILDRED,Adams,madams64@desdev.cn,Female,105.40.71.83
222,THOMAS,Pierce,tpierce65@tinypic.com,Male,156.10.5.30
223,MATTHEW,Willis,mwillis66@printfriendly.com,Male,236.16.6.177
224,JOAN,Butler,jbutler67@reverbnation.com,Female,247.191.132.230
225,CARL,Allen,callen68@home.pl,Male,246.105.14.106
226,BENJAMIN,Diaz,bdiaz69@chron.com,Male,79.39.234.223
227,JOE,Simmons,jsimmons6a@a8.net,Male,24.183.240.71
228,MARIE,Henry,mhenry6b@behance.net,Female,138.151.4.82
229,EMILY,Mills,emills6c@businesswire.com,Female,36.140.59.193
230,MICHELLE,Ortiz,mortiz6d@com.com,Female,221.65.2.36
231,JESSICA,Lane,jlane6e@scribd.com,Female,3.110.5.108
232,ANN,Medina,amedina6f@ibm.com,Female,160.172.237.82
233,ALBERT,Barnes,abarnes6g@archive.org,Male,95.22.59.106
234,ROBERT,Flores,rflores6h@bloglines.com,Male,248.3.177.166
235,WILLIAM,Stevens,wstevens6i@furl.net,Male,121.175.127.94
236,PATRICIA,Burke,pburke6j@umich.edu,Female,19.253.35.247
237,SHAWN,Simpson,ssimpson6k@pbs.org,Male,248.9.99.228
238,MARTIN,Martinez,mmartinez6l@timesonline.co.uk,Male,128.185.109.126
239,CHERYL,Kennedy,ckennedy6m@amazon.co.jp,Female,78.176.16.7
240,HELEN,Hughes,hhughes6n@ow.ly,Female,108.180.70.50
241,HOWARD,Hart,hhart6o@nyu.edu,Male,185.37.67.28
242,JEREMY,Harvey,jharvey6p@buzzfeed.com,Male,139.253.124.202
243,MARY,Thomas,mthomas6q@usnews.com,Female,157.249.44.239
244,MARTHA,Jackson,mjackson6r@ibm.com,Female,168.4.149.236
245,ELIZABETH,Carroll,ecarroll6s@hp.com,Female,16.231.228.250
246,STEPHEN,Evans,sevans6t@aol.com,Male,218.40.150.240
247,ALBERT,Carpenter,acarpenter6u@baidu.com,Male,173.76.28.110
248,JEFFREY,Morrison,jmorrison6v@tiny.cc,Male,188.24.167.8
249,ERIC,Adams,eadams6w@cargocollective.com,Male,175.175.63.127
250,ARTHUR,Matthews,amatthews6x@wix.com,Male,52.243.223.39
251,BONNIE,Sullivan,bsullivan6y@theatlantic.com,Female,205.20.88.184
252,ERNEST,Howell,ehowell6z@parallels.com,Male,185.53.105.170
253,SUSAN,Owens,sowens70@histats.com,Female,91.6.140.42
254,MELISSA,Bishop,mbishop71@addthis.com,Female,201.115.190.7
255,EDWARD,Evans,eevans72@washingtonpost.com,Male,111.217.229.63
256,RAYMOND,Franklin,rfranklin73@gov.uk,Male,33.49.188.157
257,SANDRA,Banks,sbanks74@xrea.com,Female,226.175.195.135
258,ERNEST,Jackson,ejackson75@pcworld.com,Male,74.165.19.200
259,RYAN,Carroll,rcarroll76@irs.gov,Male,76.204.206.133
260,TODD,Johnston,tjohnston77@dyndns.org,Male,132.82.217.30
261,DEBRA,Willis,dwillis78@chicagotribune.com,Female,240.71.26.222
262,STEVEN,Ross,sross79@gravatar.com,Male,164.157.149.181
263,ANTONIO,Marshall,amarshall7a@jalbum.net,Male,240.178.24.204
264,JUDITH,Stephens,jstephens7b@jigsy.com,Female,244.112.15.152
265,JEAN,Moore,jmoore7c@wix.com,Female,122.198.112.0
266,BEVERLY,Moreno,bmoreno7d@ft.com,Female,179.120.101.85
267,SHAWN,Warren,swarren7e@seesaa.net,Male,122.31.221.152
268,JOSEPH,Thompson,jthompson7f@fc2.com,Male,117.215.233.160
269,NORMA,Bailey,nbailey7g@cdbaby.com,Female,87.94.21.96
270,BENJAMIN,Wood,bwood7h@google.co.uk,Male,45.171.49.222
271,ROBIN,Medina,rmedina7i@economist.com,Female,186.80.1.50
272,ERNEST,Richardson,erichardson7j@ucla.edu,Male,156.161.22.188
273,CHRISTINE,Harrison,charrison7k@over-blog.com,Female,191.17.2.107
274,EUGENE,Meyer,emeyer7l@ihg.com,Male,0.88.31.230
275,EUGENE,Medina,emedina7m@github.com,Male,40.214.252.218
276,SCOTT,Lynch,slynch7n@dailymail.co.uk,Male,4.178.35.4
277,DIANA,Porter,dporter7o@soup.io,Female,163.233.184.141
278,LOUISE,George,lgeorge7p@unc.edu,Female,196.180.35.154
279,BRANDON,Day,bday7q@npr.org,Male,229.39.8.27
280,FRED,Rose,frose7r@ihg.com,Male,115.113.48.181
281,ANNIE,Pierce,apierce7s@slideshare.net,Female,171.215.35.211
282,VICTOR,Stanley,vstanley7t@sciencedirect.com,Male,131.105.23.186
283,JOSEPH,Foster,jfoster7u@japanpost.jp,Male,19.44.10.15
284,HEATHER,Chavez,hchavez7v@csmonitor.com,Female,137.73.135.160
285,HELEN,Woods,hwoods7w@yale.edu,Female,35.75.40.129
286,HARRY,Nichols,hnichols7x@comcast.net,Male,156.249.105.148
287,EVELYN,Jackson,ejackson7y@artisteer.com,Female,182.33.189.167
288,LOUISE,Dixon,ldixon7z@japanpost.jp,Female,215.190.188.137
289,CARLOS,Harris,charris80@comcast.net,Male,123.126.56.64
290,KATHY,Moreno,kmoreno81@ed.gov,Female,111.228.208.23
291,ROBIN,Martinez,rmartinez82@wired.com,Female,75.74.30.212
292,ROSE,Reynolds,rreynolds83@google.ca,Female,175.57.222.113
293,LOIS,Ferguson,lferguson84@constantcontact.com,Female,133.120.37.52
294,LINDA,Morris,lmorris85@webs.com,Female,72.92.223.22
295,HELEN,Freeman,hfreeman86@opera.com,Female,90.96.123.125
296,ANNIE,Alexander,aalexander87@mail.ru,Female,71.242.196.87
297,WILLIAM,Gibson,wgibson88@google.co.jp,Male,126.3.92.47
298,LARRY,Parker,lparker89@gmpg.org,Male,210.183.205.9
299,DOUGLAS,Lynch,dlynch8a@cbsnews.com,Male,151.51.111.48
300,ALBERT,Willis,awillis8b@acquirethisname.com,Male,38.146.220.246
301,JUSTIN,West,jwest8c@jimdo.com,Male,158.252.206.40
302,CAROL,Robinson,crobinson8d@ucla.edu,Female,210.30.57.95
303,SANDRA,Stewart,sstewart8e@jimdo.com,Female,77.60.55.47
304,WALTER,Richards,wrichards8f@npr.org,Male,86.27.253.142
305,BRUCE,Morgan,bmorgan8g@google.com.hk,Male,131.63.32.9
306,HEATHER,Watson,hwatson8h@mac.com,Female,68.194.12.180
307,PHYLLIS,Taylor,ptaylor8i@state.tx.us,Female,56.232.120.50
308,JONATHAN,Perez,jperez8j@fema.gov,Male,71.17.174.182
309,NANCY,Chapman,nchapman8k@microsoft.com,Female,110.190.66.53
310,KEVIN,Carter,kcarter8l@fotki.com,Male,188.5.208.69
311,MARK,Brooks,mbrooks8m@house.gov,Male,173.132.18.8
312,ELIZABETH,Medina,emedina8n@china.com.cn,Female,235.246.81.34
313,ALBERT,Greene,agreene8o@google.com.au,Male,14.216.16.219
314,LORI,Riley,lriley8p@people.com.cn,Female,175.230.55.173
315,MARTIN,Freeman,mfreeman8q@cnet.com,Male,218.83.44.6
316,ADAM,Gordon,agordon8r@state.gov,Male,82.208.246.92
317,DONALD,Dunn,ddunn8s@mlb.com,Male,70.152.90.105
318,CHRISTINE,Bryant,cbryant8t@addthis.com,Female,174.72.224.122
319,ANNIE,Ray,aray8u@xing.com,Female,233.32.3.140
320,DONALD,Shaw,dshaw8v@51.la,Male,148.151.147.135
321,BARBARA,Cruz,bcruz8w@mayoclinic.com,Female,22.203.252.136
322,PAMELA,Nichols,pnichols8x@issuu.com,Female,187.183.253.235
323,SAMUEL,Gardner,sgardner8y@guardian.co.uk,Male,1.195.176.0
324,FRED,Daniels,fdaniels8z@amazon.co.uk,Male,155.82.177.110
325,NANCY,Jenkins,njenkins90@t-online.de,Female,140.34.23.157
326,EMILY,Warren,ewarren91@wisc.edu,Female,116.10.58.110
327,ELIZABETH,Rogers,erogers92@xrea.com,Female,45.176.119.160
328,RUBY,Wallace,rwallace93@yandex.ru,Female,216.212.134.211
329,PHYLLIS,Hall,phall94@sun.com,Female,43.115.48.27
330,JANE,Bailey,jbailey95@360.cn,Female,65.204.61.26
331,SEAN,Woods,swoods96@edublogs.org,Male,52.139.11.41
332,KATHRYN,Cole,kcole97@pcworld.com,Female,116.81.205.253
333,JEREMY,Lee,jlee98@huffingtonpost.com,Male,56.213.84.253
334,DENNIS,Stewart,dstewart99@chronoengine.com,Male,127.84.236.3
335,SHIRLEY,Turner,sturner9a@privacy.gov.au,Female,83.30.34.34
336,CHARLES,Perry,cperry9b@omniture.com,Male,70.215.211.87
337,DOROTHY,Walker,dwalker9c@tripod.com,Female,136.1.78.232
338,KATHLEEN,Henderson,khenderson9d@furl.net,Female,17.60.185.239
339,RICHARD,Thomas,rthomas9e@freewebs.com,Male,184.246.27.88
340,JOHN,Bryant,jbryant9f@discovery.com,Male,56.0.158.226
341,PHILLIP,Austin,paustin9g@aol.com,Male,21.139.40.61
342,LOUISE,Thompson,lthompson9h@macromedia.com,Female,149.119.243.100
343,THOMAS,Perez,tperez9i@psu.edu,Male,4.113.90.140
344,PETER,Morgan,pmorgan9j@yelp.com,Male,188.16.147.235
345,JOHN,Harrison,jharrison9k@live.com,Male,188.4.148.141
346,TERRY,Powell,tpowell9l@ft.com,Male,127.87.114.56
347,EDWARD,Davis,edavis9m@gnu.org,Male,127.243.139.63
348,RAYMOND,Rice,rrice9n@xing.com,Male,215.112.35.159
349,NICOLE,West,nwest9o@usatoday.com,Female,183.151.221.184
350,ANTHONY,Torres,atorres9p@eventbrite.com,Male,55.133.148.114
351,ANNE,Lynch,alynch9q@youtu.be,Female,30.112.38.144
352,ANNA,Owens,aowens9r@constantcontact.com,Female,244.123.120.121
353,CYNTHIA,Vasquez,cvasquez9s@123-reg.co.uk,Female,213.117.49.18
354,ALAN,Howard,ahoward9t@msu.edu,Male,242.11.209.43
355,ROBIN,King,rking9u@dagondesign.com,Female,102.50.233.192
356,LOUIS,Perry,lperry9v@scientificamerican.com,Male,110.151.64.211
357,EARL,Matthews,ematthews9w@blinklist.com,Male,176.89.234.75
358,DOUGLAS,Watkins,dwatkins9x@hao123.com,Male,199.57.85.143
359,DEBRA,Woods,dwoods9y@163.com,Female,141.232.213.189
360,CRAIG,Morales,cmorales9z@cnn.com,Male,152.114.236.157
361,HEATHER,Wells,hwellsa0@clickbank.net,Female,194.170.78.63
362,HENRY,Shaw,hshawa1@techcrunch.com,Male,172.37.201.254
363,EMILY,Nguyen,enguyena2@cdbaby.com,Female,190.44.239.247
364,PETER,Fields,pfieldsa3@bloglovin.com,Male,116.51.116.248
365,PATRICK,Moreno,pmorenoa4@telegraph.co.uk,Male,214.121.57.115
366,DAVID,Hunt,dhunta5@reference.com,Male,43.47.138.73
367,CARLOS,Kim,ckima6@comsenz.com,Male,169.189.247.178
368,ANNIE,Schmidt,aschmidta7@wp.com,Female,224.4.84.16
369,DONNA,Powell,dpowella8@stanford.edu,Female,166.250.19.173
370,FRED,Frazier,ffraziera9@acquirethisname.com,Male,54.169.91.244
371,AMANDA,Wright,awrightaa@csmonitor.com,Female,201.71.51.241
372,ANDREW,Harvey,aharveyab@paypal.com,Male,117.31.117.76
373,BARBARA,West,bwestac@pcworld.com,Female,63.42.61.85
374,CAROL,Kelley,ckelleyad@java.com,Female,45.230.148.44
375,RAYMOND,Gardner,rgardnerae@list-manage.com,Male,162.224.166.171
376,RUSSELL,Baker,rbakeraf@ocn.ne.jp,Male,225.93.247.232
377,CLARENCE,Hunter,chunterag@slate.com,Male,120.69.1.3
378,TAMMY,Kim,tkimah@ucla.edu,Female,78.170.75.59
379,ANGELA,Lee,aleeai@myspace.com,Female,124.201.6.65
380,ANTONIO,Ortiz,aortizaj@nih.gov,Male,73.225.122.98
381,TIMOTHY,Bell,tbellak@issuu.com,Male,20.56.105.124
382,RAYMOND,Johnston,rjohnstonal@senate.gov,Male,143.74.207.63
383,JOE,Hart,jhartam@mail.ru,Male,81.43.225.120
384,EVELYN,Oliver,eoliveran@unesco.org,Female,119.22.168.4
385,NANCY,Webb,nwebbao@redcross.org,Female,74.12.36.163
386,JUDY,Murray,jmurrayap@princeton.edu,Female,253.72.48.39
387,CAROLYN,Martin,cmartinaq@myspace.com,Female,129.65.44.80
388,DEBRA,Romero,dromeroar@51.la,Female,142.193.32.253
389,DONNA,Alexander,dalexanderas@furl.net,Female,39.11.108.76
390,CHARLES,Bryant,cbryantat@yahoo.com,Male,96.135.134.188
391,JULIE,Martinez,jmartinezau@mail.ru,Female,121.5.208.193
392,LOUISE,Bradley,lbradleyav@ezinearticles.com,Female,122.216.140.137
393,ROY,Kelley,rkelleyaw@biglobe.ne.jp,Male,62.235.206.245
394,HENRY,Hughes,hhughesax@shutterfly.com,Male,243.85.126.207
395,DENNIS,Peterson,dpetersonay@topsy.com,Male,17.88.151.228
396,WALTER,Simpson,wsimpsonaz@umich.edu,Male,20.21.63.76
397,JANET,Holmes,jholmesb0@posterous.com,Female,96.245.237.48
398,EMILY,Hart,ehartb1@vkontakte.ru,Female,219.133.146.166
399,CHERYL,Washington,cwashingtonb2@ning.com,Female,15.236.242.132
400,ANNE,Jackson,ajacksonb3@smh.com.au,Female,155.226.197.110
401,STEPHEN,Young,syoungb4@epa.gov,Male,162.240.177.171
402,JANICE,Harris,jharrisb5@skyrock.com,Female,49.43.159.19
403,BARBARA,Garcia,bgarciab6@psu.edu,Female,146.177.58.236
404,JUDITH,Watkins,jwatkinsb7@sitemeter.com,Female,43.139.234.152
405,STEPHANIE,Duncan,sduncanb8@purevolume.com,Female,61.9.90.157
406,AARON,Kennedy,akennedyb9@gov.uk,Male,48.194.32.24
407,KELLY,Stephens,kstephensba@businessweek.com,Female,136.120.244.67
408,EUGENE,Rogers,erogersbb@pagesperso-orange.fr,Male,202.114.233.171
409,BRUCE,Mitchell,bmitchellbc@studiopress.com,Male,170.214.178.61
410,KATHY,Ross,krossbd@go.com,Female,128.249.245.176
411,JIMMY,Nelson,jnelsonbe@bloglines.com,Male,94.251.162.33
412,PATRICIA,Weaver,pweaverbf@tuttocitta.it,Female,163.83.87.82
413,MICHAEL,Johnson,mjohnsonbg@php.net,Male,29.21.141.195
414,MARY,Wallace,mwallacebh@posterous.com,Female,185.246.25.86
415,DOROTHY,Walker,dwalkerbi@wikia.com,Female,0.80.218.216
416,PAUL,Lee,pleebj@free.fr,Male,238.145.63.114
417,KATHRYN,Wilson,kwilsonbk@wikispaces.com,Female,5.13.37.160
418,VIRGINIA,Webb,vwebbbl@japanpost.jp,Female,76.102.121.36
419,LILLIAN,Edwards,ledwardsbm@baidu.com,Female,9.252.68.5
420,JUSTIN,Olson,jolsonbn@google.com.hk,Male,69.167.230.28
421,WANDA,Cooper,wcooperbo@howstuffworks.com,Female,167.26.210.152
422,REBECCA,Stone,rstonebp@ning.com,Female,197.48.226.237
423,LARRY,Young,lyoungbq@nationalgeographic.com,Male,55.202.225.108
424,CYNTHIA,Mendoza,cmendozabr@hexun.com,Female,48.130.158.193
425,DENNIS,Howard,dhowardbs@flickr.com,Male,193.57.99.254
426,MARIE,Nichols,mnicholsbt@salon.com,Female,250.166.165.8
427,ROBIN,Jackson,rjacksonbu@g.co,Female,103.176.6.236
428,AMY,Ramirez,aramirezbv@princeton.edu,Female,176.252.166.147
429,REBECCA,Lynch,rlynchbw@auda.org.au,Female,239.45.97.185
430,PETER,Stone,pstonebx@google.com.br,Male,213.156.252.178
431,SCOTT,Lynch,slynchby@sun.com,Male,119.9.97.242
432,EDWARD,Hanson,ehansonbz@google.de,Male,225.95.247.35
433,JOE,Little,jlittlec0@icio.us,Male,172.82.12.234
434,JEAN,Morales,jmoralesc1@bizjournals.com,Female,226.68.142.30
435,JOSHUA,Willis,jwillisc2@yandex.ru,Male,172.164.193.179
436,CATHERINE,White,cwhitec3@nature.com,Female,16.209.224.120
437,MARTHA,Roberts,mrobertsc4@vkontakte.ru,Female,94.108.189.35
438,JOHN,Torres,jtorresc5@deviantart.com,Male,157.46.118.184
439,TIMOTHY,Woods,twoodsc6@mlb.com,Male,40.218.200.214
440,JANE,King,jkingc7@wikia.com,Female,240.4.19.134
441,JAMES,Mason,jmasonc8@linkedin.com,Male,45.225.255.142
442,WILLIE,Jacobs,wjacobsc9@tiny.cc,Male,105.230.229.223
443,CYNTHIA,Parker,cparkerca@qq.com,Female,126.141.168.82
444,RACHEL,Wright,rwrightcb@ft.com,Female,80.146.251.63
445,SARA,Hart,shartcc@reverbnation.com,Female,198.25.118.75
446,JANET,Bradley,jbradleycd@ed.gov,Female,98.253.5.153
447,BOBBY,Shaw,bshawce@umich.edu,Male,56.214.31.3
448,JOHNNY,Coleman,jcolemancf@quantcast.com,Male,246.107.192.71
449,HENRY,Collins,hcollinscg@biglobe.ne.jp,Male,46.46.84.45
450,STEVEN,Murphy,smurphych@stanford.edu,Male,111.195.47.243
451,DIANA,Brooks,dbrooksci@printfriendly.com,Female,90.91.227.113
452,EDWARD,King,ekingcj@army.mil,Male,50.81.96.255
453,EARL,Elliott,eelliottck@webs.com,Male,30.142.195.243
454,ALBERT,Weaver,aweavercl@tinypic.com,Male,58.253.109.255
455,DEBORAH,Harper,dharpercm@comcast.net,Female,203.138.148.58
456,RANDY,Hamilton,rhamiltoncn@issuu.com,Male,227.248.198.152
457,DENNIS,Warren,dwarrenco@surveymonkey.com,Male,224.51.50.125
458,JESSICA,Castillo,jcastillocp@yale.edu,Female,211.202.130.160
459,BONNIE,Welch,bwelchcq@amazonaws.com,Female,50.248.217.251
460,CHRISTINE,Morris,cmorriscr@miibeian.gov.cn,Female,68.148.180.120
461,RYAN,Jackson,rjacksoncs@zdnet.com,Male,254.31.27.92
462,KELLY,James,kjamesct@usda.gov,Female,96.10.156.53
463,BEVERLY,Moore,bmoorecu@china.com.cn,Female,0.145.141.21
464,EDWARD,Collins,ecollinscv@google.co.uk,Male,253.84.252.244
465,JOSEPH,Miller,jmillercw@samsung.com,Male,81.108.17.142
466,SHARON,Ray,sraycx@fotki.com,Female,57.102.9.178
467,ASHLEY,Greene,agreenecy@wikispaces.com,Female,128.196.210.151
468,JOHN,Moreno,jmorenocz@sohu.com,Male,69.195.173.117
469,CARLOS,Clark,cclarkd0@comsenz.com,Male,244.73.204.28
470,GARY,Hughes,ghughesd1@google.nl,Male,44.150.129.3
471,JANE,Nichols,jnicholsd2@amazonaws.com,Female,89.156.0.170
472,LINDA,Jacobs,ljacobsd3@nymag.com,Female,202.243.84.111
473,BRIAN,Russell,brusselld4@ezinearticles.com,Male,252.57.34.247
474,ANTHONY,Mccoy,amccoyd5@microsoft.com,Male,227.29.159.2
475,JOHN,Andrews,jandrewsd6@dot.gov,Male,153.28.111.30
476,JOAN,Willis,jwillisd7@springer.com,Female,239.134.206.83
477,ALBERT,Powell,apowelld8@mysql.com,Male,139.97.13.129
478,REBECCA,Sims,rsimsd9@google.com.au,Female,150.121.25.225
479,JANET,Thomas,jthomasda@canalblog.com,Female,140.62.220.130
480,JERRY,Olson,jolsondb@timesonline.co.uk,Male,180.165.190.246
481,MILDRED,Green,mgreendc@independent.co.uk,Female,114.242.164.158
482,MARY,Kelley,mkelleydd@bloglines.com,Female,248.166.244.252
483,RALPH,Boyd,rboydde@weebly.com,Male,238.245.43.30
484,ERNEST,Lopez,elopezdf@addtoany.com,Male,173.146.22.136
485,GERALD,George,ggeorgedg@mac.com,Male,81.41.175.214
486,PATRICK,Hunter,phunterdh@toplist.cz,Male,184.6.212.112
487,RALPH,Gutierrez,rgutierrezdi@state.tx.us,Male,247.255.117.128
488,LAURA,Hill,lhilldj@hud.gov,Female,148.79.62.55
489,RAYMOND,Wilson,rwilsondk@ted.com,Male,26.195.36.12
490,JAMES,Scott,jscottdl@plala.or.jp,Male,7.95.136.200
491,CHRISTINA,Ramirez,cramirezdm@pbs.org,Female,36.178.47.132
492,JAMES,Berry,jberrydn@tumblr.com,Male,244.97.27.193
493,PHILLIP,Jenkins,pjenkinsdo@noaa.gov,Male,121.150.199.25
494,STEPHANIE,Thomas,sthomasdp@ovh.net,Female,243.145.255.57
495,PAUL,Harris,pharrisdq@bing.com,Male,32.60.53.238
496,JONATHAN,Welch,jwelchdr@ning.com,Male,174.37.205.80
497,BRANDON,Spencer,bspencerds@marketwatch.com,Male,108.108.71.232
498,DORIS,Simpson,dsimpsondt@mashable.com,Female,133.248.176.128
499,AARON,Murray,amurraydu@salon.com,Male,8.29.50.10
500,DANIEL,Johnston,djohnstondv@mediafire.com,Male,170.171.186.33
501,HELEN,Morris,hmorrisdw@princeton.edu,Female,120.35.112.203
502,BRIAN,Morales,bmoralesdx@xrea.com,Male,160.195.73.93
503,CAROLYN,Gomez,cgomezdy@qq.com,Female,155.136.205.237
504,RUTH,Wagner,rwagnerdz@histats.com,Female,149.88.235.92
505,RUSSELL,Jordan,rjordane0@soundcloud.com,Male,11.224.221.245
506,RYAN,Lynch,rlynche1@foxnews.com,Male,70.221.207.236
507,TERESA,Bowman,tbowmane2@taobao.com,Female,192.113.104.100
508,JIMMY,Rice,jricee3@indiegogo.com,Male,153.65.71.57
509,FRANK,Hernandez,fhernandeze4@artisteer.com,Male,137.21.125.136
510,CATHERINE,Hughes,chughese5@opera.com,Female,20.51.188.9
511,SARAH,Coleman,scolemane6@wikipedia.org,Female,0.52.24.190
512,RANDY,Ross,rrosse7@google.de,Male,51.45.120.13
513,KIMBERLY,Robinson,krobinsone8@webeden.co.uk,Female,90.233.84.83
514,WILLIAM,Mason,wmasone9@skype.com,Male,27.152.246.196
515,MATTHEW,Porter,mporterea@admin.ch,Male,195.167.58.211
516,JUAN,Williams,jwilliamseb@psu.edu,Male,104.117.207.173
517,ANTONIO,Ramos,aramosec@tripadvisor.com,Male,108.231.178.86
518,KEITH,Boyd,kboyded@foxnews.com,Male,95.167.173.240
519,SARA,Perry,sperryee@diigo.com,Female,121.41.105.57
520,ANNE,Webb,awebbef@weibo.com,Female,139.145.245.241
521,SARA,Bryant,sbryanteg@chronoengine.com,Female,5.36.67.25
522,GLORIA,Perez,gperezeh@apple.com,Female,180.211.254.200
523,JIMMY,Wallace,jwallaceei@icio.us,Male,242.0.125.125
524,ROBIN,Mitchell,rmitchellej@nyu.edu,Female,47.158.117.36
525,PAULA,Hansen,phansenek@yahoo.co.jp,Female,36.45.46.28
526,DONALD,Hunter,dhunterel@diigo.com,Male,231.230.250.136
527,CHERYL,Pierce,cpierceem@jalbum.net,Female,18.172.145.25
528,JOE,Moreno,jmorenoen@51.la,Male,240.68.57.91
529,ROY,Olson,rolsoneo@addthis.com,Male,103.70.24.64
530,JESSE,Bennett,jbennettep@blogspot.com,Male,89.158.238.22
531,KELLY,Hernandez,khernandezeq@ebay.co.uk,Female,128.0.134.252
532,BRANDON,Howell,bhoweller@barnesandnoble.com,Male,196.26.247.121
533,AMANDA,Hansen,ahansenes@state.gov,Female,45.185.166.217
534,CHRISTINA,Elliott,celliottet@4shared.com,Female,17.130.105.174
535,THERESA,Harvey,tharveyeu@mozilla.org,Female,164.146.72.235
536,JULIE,Reyes,jreyesev@php.net,Female,174.120.120.83
537,KENNETH,Alexander,kalexanderew@salon.com,Male,132.94.196.205
538,KAREN,Armstrong,karmstrongex@umn.edu,Female,89.117.107.206
539,KATHY,Brooks,kbrooksey@usgs.gov,Female,178.220.118.205
540,DIANE,Fuller,dfullerez@php.net,Female,28.254.210.213
541,WILLIE,Adams,wadamsf0@dell.com,Male,137.110.143.167
542,MELISSA,Morrison,mmorrisonf1@npr.org,Female,200.18.43.208
543,STEVEN,Alvarez,salvarezf2@mediafire.com,Male,178.184.211.158
544,ALAN,Wagner,awagnerf3@ftc.gov,Male,135.250.131.135
545,KATHLEEN,Burns,kburnsf4@japanpost.jp,Female,70.214.80.54
546,HENRY,Hamilton,hhamiltonf5@yale.edu,Male,72.146.200.172
547,JULIE,Foster,jfosterf6@usatoday.com,Female,68.114.212.199
548,HELEN,Crawford,hcrawfordf7@meetup.com,Female,190.140.174.237
549,ERIC,Franklin,efranklinf8@naver.com,Male,247.53.222.32
550,JENNIFER,Foster,jfosterf9@jugem.jp,Female,30.105.229.88
551,KEITH,Wood,kwoodfa@buzzfeed.com,Male,42.149.5.179
552,RICHARD,George,rgeorgefb@sogou.com,Male,140.233.243.57
553,WANDA,Dean,wdeanfc@senate.gov,Female,77.39.251.129
554,AARON,Ryan,aryanfd@blogger.com,Male,28.130.162.37
555,SHIRLEY,Mason,smasonfe@wp.com,Female,102.121.58.205
556,RUBY,Ward,rwardff@eepurl.com,Female,149.10.24.211
557,CRAIG,Hughes,chughesfg@hibu.com,Male,198.133.137.148
558,DIANA,Nelson,dnelsonfh@godaddy.com,Female,12.59.226.122
559,STEVEN,Castillo,scastillofi@ocn.ne.jp,Male,99.199.187.232
560,JANE,Williams,jwilliamsfj@ucsd.edu,Female,176.239.147.231
561,STEVEN,King,skingfk@indiatimes.com,Male,176.218.248.195
562,ELIZABETH,Meyer,emeyerfl@berkeley.edu,Female,57.52.186.178
563,JERRY,Kelley,jkelleyfm@sfgate.com,Male,99.58.115.110
564,PATRICK,Kim,pkimfn@nih.gov,Male,168.214.58.66
565,GREGORY,George,ggeorgefo@nyu.edu,Male,13.171.73.83
566,MARIA,Murphy,mmurphyfp@imdb.com,Female,86.254.95.36
567,DONNA,Austin,daustinfq@sciencedaily.com,Female,173.197.154.9
568,HELEN,Harrison,hharrisonfr@over-blog.com,Female,195.107.183.129
569,MARIA,Diaz,mdiazfs@gnu.org,Female,236.233.51.172
570,LARRY,Henderson,lhendersonft@myspace.com,Male,57.15.123.219
571,BRANDON,Tucker,btuckerfu@census.gov,Male,213.48.104.78
572,ARTHUR,Kennedy,akennedyfv@cnet.com,Male,126.126.29.86
573,ANNE,Gomez,agomezfw@joomla.org,Female,128.33.209.53
574,VICTOR,Perez,vperezfx@wordpress.org,Male,237.120.216.185
575,DAVID,Boyd,dboydfy@creativecommons.org,Male,228.63.34.206
576,PETER,Stephens,pstephensfz@typepad.com,Male,251.228.185.84
577,CHARLES,Burke,cburkeg0@ovh.net,Male,216.241.164.115
578,CARL,Larson,clarsong1@constantcontact.com,Male,188.183.148.31
579,CHRISTINE,Moore,cmooreg2@answers.com,Female,192.118.10.100
580,CARLOS,Walker,cwalkerg3@wordpress.org,Male,237.52.221.121
581,IRENE,Wright,iwrightg4@alibaba.com,Female,125.208.154.30
582,SEAN,Stanley,sstanleyg5@purevolume.com,Male,176.58.16.97
583,LAWRENCE,Brooks,lbrooksg6@japanpost.jp,Male,32.17.17.120
584,CARLOS,Garrett,cgarrettg7@jalbum.net,Male,253.116.231.17
585,LINDA,Murray,lmurrayg8@guardian.co.uk,Female,134.248.30.115
586,ANTONIO,Hawkins,ahawkinsg9@opera.com,Male,45.126.177.39
587,WAYNE,Thomas,wthomasga@nifty.com,Male,112.247.247.240
588,DEBORAH,Armstrong,darmstronggb@java.com,Female,9.14.252.123
589,LOUISE,Mills,lmillsgc@rambler.ru,Female,168.185.239.170
590,ERIC,Lopez,elopezgd@woothemes.com,Male,161.61.11.18
591,ANDREA,Gomez,agomezge@wikispaces.com,Female,77.156.195.199
592,JOSEPH,Clark,jclarkgf@twitpic.com,Male,213.95.77.137
593,JAMES,Collins,jcollinsgg@nature.com,Male,25.69.117.172
594,TINA,Carr,tcarrgh@prlog.org,Female,14.190.90.3
595,DENNIS,Chapman,dchapmangi@sogou.com,Male,99.42.210.34
596,BILLY,Fisher,bfishergj@geocities.jp,Male,139.59.32.240
597,BRUCE,Sanders,bsandersgk@goo.ne.jp,Male,252.46.141.86
598,RALPH,Hanson,rhansongl@cnet.com,Male,191.1.121.136
599,TERRY,Shaw,tshawgm@soundcloud.com,Male,240.131.56.59
600,RUTH,Little,rlittlegn@imgur.com,Female,32.6.148.18
601,HARRY,Arnold,harnoldgo@usnews.com,Male,248.19.108.238
602,AMANDA,Hernandez,ahernandezgp@ow.ly,Female,228.117.217.147
603,MARK,Owens,mowensgq@people.com.cn,Male,73.107.208.162
604,HOWARD,Stewart,hstewartgr@cyberchimps.com,Male,119.230.227.106
605,LOUIS,Hunt,lhuntgs@wordpress.org,Male,224.142.104.68
606,FRANK,Henderson,fhendersongt@java.com,Male,67.134.92.194
607,NICOLE,Rice,nricegu@elpais.com,Female,142.236.161.2
608,KENNETH,Chavez,kchavezgv@sciencedirect.com,Male,133.5.55.106
609,DAVID,Johnson,djohnsongw@free.fr,Male,187.201.220.117
610,RONALD,Schmidt,rschmidtgx@t-online.de,Male,39.197.145.104
611,LOIS,Ortiz,lortizgy@tumblr.com,Female,124.81.218.68
612,ROY,Dean,rdeangz@ehow.com,Male,68.152.238.25
613,RANDY,Fields,rfieldsh0@noaa.gov,Male,104.9.136.182
614,MARY,Russell,mrussellh1@virginia.edu,Female,46.135.149.153
615,SARAH,Foster,sfosterh2@flavors.me,Female,82.131.153.210
616,WILLIAM,Morrison,wmorrisonh3@feedburner.com,Male,229.167.201.111
617,TODD,Lynch,tlynchh4@typepad.com,Male,77.2.18.241
618,PHILLIP,Garcia,pgarciah5@bigcartel.com,Male,114.203.64.14
619,KATHERINE,Thompson,kthompsonh6@google.nl,Female,105.161.228.46
620,JUDY,Bryant,jbryanth7@amazon.com,Female,211.137.253.40
621,KENNETH,Jones,kjonesh8@google.com,Male,242.190.101.236
622,JONATHAN,Franklin,jfranklinh9@liveinternet.ru,Male,102.125.222.123
623,BARBARA,Reyes,breyesha@army.mil,Female,133.239.94.15
624,STEPHEN,Sanders,ssandershb@domainmarket.com,Male,199.241.239.219
625,MARTIN,Stone,mstonehc@tripadvisor.com,Male,180.81.21.246
626,ANDREW,Hamilton,ahamiltonhd@barnesandnoble.com,Male,137.200.44.245
627,JOSEPH,Ross,jrosshe@mail.ru,Male,97.201.31.249
628,VICTOR,Reid,vreidhf@google.ca,Male,84.2.60.75
629,PATRICK,Chapman,pchapmanhg@jigsy.com,Male,131.108.183.182
630,JUDY,Morgan,jmorganhh@vistaprint.com,Female,75.55.53.168
631,AARON,Bailey,abaileyhi@odnoklassniki.ru,Male,82.126.75.42
632,HELEN,Mitchell,hmitchellhj@opera.com,Female,201.214.188.122
633,TAMMY,Shaw,tshawhk@bandcamp.com,Female,204.50.146.105
634,WILLIE,Fuller,wfullerhl@latimes.com,Male,28.107.153.89
635,PAULA,Murphy,pmurphyhm@seesaa.net,Female,73.87.101.126
636,MARK,Grant,mgranthn@blogspot.com,Male,33.63.124.172
637,CLARENCE,James,cjamesho@photobucket.com,Male,220.110.121.96
638,SHARON,Olson,solsonhp@youtu.be,Female,163.191.62.152
639,SANDRA,Meyer,smeyerhq@sciencedirect.com,Female,254.73.151.251
640,JOHN,Ford,jfordhr@comcast.net,Male,99.106.146.254
641,JANET,Crawford,jcrawfordhs@cargocollective.com,Female,252.116.162.30
642,JIMMY,Rodriguez,jrodriguezht@cam.ac.uk,Male,254.59.34.123
643,STEVE,Palmer,spalmerhu@bloomberg.com,Male,111.127.153.85
644,TAMMY,Robertson,trobertsonhv@xinhuanet.com,Female,135.242.54.62
645,ROY,Spencer,rspencerhw@sbwire.com,Male,90.60.211.75
646,MARTHA,Walker,mwalkerhx@toplist.cz,Female,35.171.202.252
647,JULIE,Bryant,jbryanthy@ycombinator.com,Female,219.125.63.166
648,STEPHANIE,Anderson,sandersonhz@bandcamp.com,Female,176.98.87.157
649,DONNA,Willis,dwillisi0@blinklist.com,Female,25.55.44.222
650,DOUGLAS,Miller,dmilleri1@slate.com,Male,232.122.38.126
651,CHRISTINE,Nguyen,cnguyeni2@friendfeed.com,Female,249.114.14.166
652,GERALD,Carpenter,gcarpenteri3@utexas.edu,Male,248.116.188.183
653,THERESA,Gardner,tgardneri4@arizona.edu,Female,143.160.7.72
654,MARGARET,Ryan,mryani5@prweb.com,Female,137.143.170.253
655,ANDREW,Ferguson,afergusoni6@tumblr.com,Male,98.42.254.117
656,RONALD,Garcia,rgarciai7@intel.com,Male,168.111.60.177
657,JESSE,Larson,jlarsoni8@theatlantic.com,Male,68.11.162.204
658,RYAN,Bradley,rbradleyi9@sakura.ne.jp,Male,225.228.31.94
659,JOSE,Taylor,jtayloria@ning.com,Male,138.242.149.224
660,BOBBY,Nguyen,bnguyenib@ucoz.ru,Male,127.68.252.162
661,AMY,Matthews,amatthewsic@hc360.com,Female,150.214.54.12
662,ALBERT,Williams,awilliamsid@w3.org,Male,188.254.91.67
663,CHRISTINE,Brooks,cbrooksie@dailymotion.com,Female,199.99.77.245
664,EDWARD,Morrison,emorrisonif@behance.net,Male,82.19.158.175
665,JUAN,Murray,jmurrayig@illinois.edu,Male,150.233.128.102
666,KEITH,Nichols,knicholsih@skyrock.com,Male,67.177.171.139
667,CRAIG,Richards,crichardsii@bloomberg.com,Male,240.231.129.23
668,AMANDA,Kelley,akelleyij@theatlantic.com,Female,76.173.142.15
669,JONATHAN,Hawkins,jhawkinsik@ifeng.com,Male,152.156.146.48
670,DORIS,Stewart,dstewartil@admin.ch,Female,111.51.100.138
671,SAMUEL,Matthews,smatthewsim@exblog.jp,Male,228.255.239.66
672,ANDREA,Ruiz,aruizin@census.gov,Female,166.236.19.54
673,ADAM,Spencer,aspencerio@webmd.com,Male,213.122.233.134
674,ADAM,Carroll,acarrollip@rakuten.co.jp,Male,146.32.129.89
675,RACHEL,Little,rlittleiq@mac.com,Female,229.191.106.84
676,EARL,Garza,egarzair@senate.gov,Male,36.83.127.226
677,JASON,Ellis,jellisis@plala.or.jp,Male,2.55.117.32
678,JULIA,Peterson,jpetersonit@etsy.com,Female,51.226.91.250
679,TAMMY,Andrews,tandrewsiu@is.gd,Female,96.28.70.85
680,CHRISTINA,Payne,cpayneiv@yahoo.co.jp,Female,27.126.90.233
681,KELLY,Hicks,khicksiw@prnewswire.com,Female,109.242.188.178
682,KATHRYN,Owens,kowensix@mozilla.org,Female,11.152.172.49
683,PHILLIP,Hart,phartiy@about.com,Male,111.92.238.162
684,CAROL,Ross,crossiz@wiley.com,Female,5.156.163.131
685,MARGARET,Simmons,msimmonsj0@china.com.cn,Female,176.198.19.144
686,MICHAEL,Ryan,mryanj1@timesonline.co.uk,Male,69.98.45.97
687,HOWARD,Perkins,hperkinsj2@cloudflare.com,Male,124.24.93.150
688,BETTY,Richardson,brichardsonj3@deviantart.com,Female,235.184.139.48
689,LISA,Bennett,lbennettj4@springer.com,Female,169.36.219.83
690,JOHNNY,Brown,jbrownj5@slate.com,Male,177.74.169.50
691,FRANK,Grant,fgrantj6@trellian.com,Male,190.134.205.116
692,JAMES,Elliott,jelliottj7@umn.edu,Male,212.155.132.230
693,ANNA,Kelly,akellyj8@liveinternet.ru,Female,109.237.199.181
694,LINDA,Moreno,lmorenoj9@ehow.com,Female,6.206.197.157
695,CHRIS,Kelly,ckellyja@comsenz.com,Male,71.74.90.197
696,CLARENCE,Reed,creedjb@indiatimes.com,Male,173.19.32.2
697,HARRY,Lawrence,hlawrencejc@nytimes.com,Male,171.110.236.219
698,KATHLEEN,Fernandez,kfernandezjd@mayoclinic.com,Female,193.34.204.69
699,SCOTT,Miller,smillerje@drupal.org,Male,192.100.179.0
700,HARRY,Little,hlittlejf@un.org,Male,126.169.116.188
701,JASON,Martin,jmartinjg@sourceforge.net,Male,208.155.112.99
702,MARTHA,Robinson,mrobinsonjh@oakley.com,Female,194.184.139.63
703,SANDRA,Stephens,sstephensji@japanpost.jp,Female,208.196.168.161
704,EVELYN,Bailey,ebaileyjj@theguardian.com,Female,243.121.114.80
705,DEBORAH,Lawrence,dlawrencejk@diigo.com,Female,106.241.116.220
706,DEBRA,Williamson,dwilliamsonjl@over-blog.com,Female,217.145.199.9
707,GERALD,Graham,ggrahamjm@meetup.com,Male,219.253.254.94
708,ARTHUR,Washington,awashingtonjn@sitemeter.com,Male,133.80.152.162
709,BRUCE,Clark,bclarkjo@opensource.org,Male,213.158.99.117
710,ROY,Stone,rstonejp@rediff.com,Male,164.177.202.181
711,PAULA,Edwards,pedwardsjq@dedecms.com,Female,249.29.187.178
712,RAYMOND,Garza,rgarzajr@amazon.de,Male,90.31.231.67
713,DAVID,Simpson,dsimpsonjs@hao123.com,Male,181.10.254.47
714,JOE,Ramos,jramosjt@indiatimes.com,Male,158.188.246.14
715,AMY,Warren,awarrenju@icq.com,Female,139.2.158.86
716,JUSTIN,Freeman,jfreemanjv@phoca.cz,Male,25.206.143.30
717,JAMES,Rodriguez,jrodriguezjw@angelfire.com,Male,110.60.38.114
718,SHAWN,Carpenter,scarpenterjx@cocolog-nifty.com,Male,77.103.30.166
719,EVELYN,Jordan,ejordanjy@vimeo.com,Female,17.186.208.102
720,GERALD,Oliver,goliverjz@sitemeter.com,Male,73.41.171.168
721,PAUL,Rodriguez,prodriguezk0@freewebs.com,Male,53.2.154.51
722,WALTER,Rodriguez,wrodriguezk1@pcworld.com,Male,193.157.133.60
723,WILLIAM,George,wgeorgek2@pinterest.com,Male,28.94.88.194
724,MICHAEL,Fisher,mfisherk3@smugmug.com,Male,8.73.233.250
725,GEORGE,Peters,gpetersk4@webnode.com,Male,223.84.59.103
726,CHRISTINA,Fisher,cfisherk5@squidoo.com,Female,244.231.105.131
727,DORIS,Griffin,dgriffink6@comcast.net,Female,107.26.211.70
728,JESSE,Lawrence,jlawrencek7@eventbrite.com,Male,106.41.243.150
729,ANTHONY,Bishop,abishopk8@lycos.com,Male,92.126.68.137
730,KEITH,Washington,kwashingtonk9@flavors.me,Male,200.130.70.62
731,HAROLD,Sullivan,hsullivanka@mediafire.com,Male,99.216.64.45
732,JIMMY,Owens,jowenskb@sina.com.cn,Male,158.46.66.31
733,STEPHEN,Watkins,swatkinskc@nasa.gov,Male,23.133.254.10
734,DANIEL,George,dgeorgekd@squarespace.com,Male,170.208.25.33
735,GERALD,Cruz,gcruzke@jalbum.net,Male,155.23.179.143
736,RACHEL,Morgan,rmorgankf@so-net.ne.jp,Female,237.227.215.144
737,NICOLE,Murray,nmurraykg@live.com,Female,103.225.175.221
738,MARIA,Fernandez,mfernandezkh@addtoany.com,Female,56.159.232.139
739,LILLIAN,Griffin,lgriffinki@github.io,Female,221.233.37.26
740,MARGARET,Graham,mgrahamkj@stanford.edu,Female,135.41.179.128
741,KATHRYN,Grant,kgrantkk@answers.com,Female,157.243.206.68
742,ROBERT,Perkins,rperkinskl@booking.com,Male,248.151.218.189
743,DENISE,Lawrence,dlawrencekm@opera.com,Female,173.193.63.218
744,ADAM,Brown,abrownkn@princeton.edu,Male,237.126.167.28
745,BETTY,Martinez,bmartinezko@ask.com,Female,142.24.37.152
746,JAMES,Gutierrez,jgutierrezkp@answers.com,Male,143.107.117.249
747,KATHERINE,Anderson,kandersonkq@edublogs.org,Female,211.86.96.122
748,THERESA,Reynolds,treynoldskr@myspace.com,Female,202.44.4.82
749,SANDRA,Thomas,sthomasks@digg.com,Female,220.150.173.92
750,KATHLEEN,Elliott,kelliottkt@army.mil,Female,239.208.139.47
751,JOSE,Mcdonald,jmcdonaldku@cargocollective.com,Male,174.34.150.193
752,SANDRA,Greene,sgreenekv@people.com.cn,Female,166.150.80.178
753,RANDY,Hudson,rhudsonkw@pcworld.com,Male,17.108.204.152
754,MELISSA,Dixon,mdixonkx@discuz.net,Female,180.100.169.37
755,MARTHA,HENRY,mhenryky@go.com,Female,219.235.170.26
756,JERRY,Holmes,jholmeskz@wikipedia.org,Male,170.17.144.242
757,JACK,Boyd,jboydl0@jiathis.com,Male,107.28.234.67
758,JANICE,Hawkins,jhawkinsl1@51.la,Female,111.25.105.163
759,PETER,Gordon,pgordonl2@earthlink.net,Male,220.134.196.22
760,TODD,Gibson,tgibsonl3@springer.com,Male,120.74.34.80
761,DENISE,Warren,dwarrenl4@theatlantic.com,Female,224.37.36.152
762,PHYLLIS,Gray,pgrayl5@drupal.org,Female,29.125.71.101
763,SCOTT,Henry,shenryl6@wufoo.com,Male,203.227.74.65
764,CHRISTINA,Carpenter,ccarpenterl7@yahoo.co.jp,Female,68.63.208.89
765,MARIA,Robertson,mrobertsonl8@ow.ly,Female,170.3.151.226
766,MARTHA,Cunningham,mcunninghaml9@furl.net,Female,32.126.182.236
767,TINA,Nichols,tnicholsla@altervista.org,Female,23.28.149.208
768,MICHAEL,Collins,mcollinslb@yale.edu,Male,252.146.255.85
769,HARRY,Henderson,hhendersonlc@fema.gov,Male,231.41.254.190
770,JUSTIN,Boyd,jboydld@fda.gov,Male,128.223.149.180
771,MARK,Montgomery,mmontgomeryle@weather.com,Male,163.151.166.110
772,CAROL,Ortiz,cortizlf@go.com,Female,223.249.145.58
773,LOUIS,Robinson,lrobinsonlg@scientificamerican.com,Male,116.209.81.94
774,STEVEN,Ruiz,sruizlh@netvibes.com,Male,145.62.116.109
775,KELLY,Wells,kwellsli@aboutads.info,Female,71.64.245.135
776,WAYNE,Collins,wcollinslj@vkontakte.ru,Male,82.164.113.251
777,RYAN,Jackson,rjacksonlk@accuweather.com,Male,8.133.33.43
778,ALICE,Murphy,amurphyll@privacy.gov.au,Female,234.104.197.179
779,HAROLD,James,hjameslm@cyberchimps.com,Male,150.108.69.242
780,NANCY,Warren,nwarrenln@ft.com,Female,222.157.181.156
781,LOIS,Hanson,lhansonlo@shareasale.com,Female,23.100.14.160
782,JOSEPH,Johnston,jjohnstonlp@rambler.ru,Male,119.128.168.110
783,SHIRLEY,Chavez,schavezlq@msu.edu,Female,204.78.98.27
784,GLORIA,Hansen,ghansenlr@elegantthemes.com,Female,183.205.92.5
785,BILLY,Fowler,bfowlerls@google.cn,Male,120.46.114.50
786,EARL,Ward,ewardlt@reference.com,Male,214.14.255.47
787,MILDRED,Long,mlonglu@cafepress.com,Female,229.203.87.18
788,JEREMY,Fox,jfoxlv@histats.com,Male,39.240.139.80
789,NICHOLAS,Edwards,nedwardslw@nature.com,Male,201.192.203.173
790,BRUCE,Stevens,bstevenslx@issuu.com,Male,5.161.171.234
791,KATHLEEN,Burton,kburtonly@technorati.com,Female,83.196.156.248
792,BARBARA,Cole,bcolelz@prweb.com,Female,34.10.171.100
793,MARY,George,mgeorgem0@un.org,Female,168.159.196.63
794,KATHERINE,Cox,kcoxm1@facebook.com,Female,1.21.41.123
795,MELISSA,Mills,mmillsm2@washingtonpost.com,Female,127.45.100.5
796,SARAH,Kelly,skellym3@geocities.com,Female,89.135.12.132
797,JONATHAN,Nguyen,jnguyenm4@springer.com,Male,103.11.171.223
798,ALBERT,Hawkins,ahawkinsm5@slideshare.net,Male,50.119.148.70
799,PHYLLIS,Austin,paustinm6@redcross.org,Female,206.195.145.246
800,ALICE,Day,adaym7@blogspot.com,Female,242.224.133.10
801,JULIA,Taylor,jtaylorm8@admin.ch,Female,129.229.237.144
802,LINDA,Kennedy,lkennedym9@ustream.tv,Female,212.165.42.246
803,ARTHUR,Ramirez,aramirezma@odnoklassniki.ru,Male,125.244.151.207
804,HEATHER,ORTIZ,hortizmb@ehow.com,Female,79.97.8.64
805,JESSICA,Black,jblackmc@examiner.com,Female,157.219.10.249
806,LILLIAN,Hall,lhallmd@techcrunch.com,Female,216.241.162.26
807,DENNIS,Henry,dhenryme@gov.uk,Male,11.59.239.247
808,CHRISTOPHER,Fisher,cfishermf@fda.gov,Male,152.131.125.34
809,BARBARA,Hunt,bhuntmg@house.gov,Female,245.73.190.179
810,MARK,Lee,mleemh@so-net.ne.jp,Male,173.106.55.62
811,JOYCE,Murphy,jmurphymi@weibo.com,Female,139.115.156.152
812,JOSE,Taylor,jtaylormj@1688.com,Male,86.168.112.216
813,RANDY,Evans,revansmk@boston.com,Male,77.17.241.169
814,DORIS,Hughes,dhughesml@dagondesign.com,Female,188.47.214.174
815,EVELYN,Palmer,epalmermm@state.tx.us,Female,29.194.121.35
816,STEVE,Williamson,swilliamsonmn@boston.com,Male,30.116.217.223
817,CARLOS,Palmer,cpalmermo@etsy.com,Male,96.76.197.68
818,PETER,Smith,psmithmp@pcworld.com,Male,230.119.138.90
819,CHRIS,Dixon,cdixonmq@google.ru,Male,14.235.107.8
820,BARBARA,Rice,bricemr@umn.edu,Female,126.201.10.45
821,JESSE,Perkins,jperkinsms@jigsy.com,Male,120.115.239.248
822,PHILLIP,Henderson,phendersonmt@salon.com,Male,186.252.124.159
823,STEPHANIE,Gibson,sgibsonmu@squarespace.com,Female,149.87.227.47
824,ROSE,Reyes,rreyesmv@themeforest.net,Female,140.115.7.247
825,GREGORY,Dunn,gdunnmw@purevolume.com,Male,216.205.145.110
826,MICHAEL,Elliott,melliottmx@prweb.com,Male,193.106.0.143
827,DAVID,Bishop,dbishopmy@slate.com,Male,149.237.78.193
828,ANDREW,Ray,araymz@163.com,Male,135.247.64.16
829,JOSEPH,Turner,jturnern0@who.int,Male,190.254.99.240
830,PATRICIA,Howell,phowelln1@cbsnews.com,Female,196.89.184.194
831,IRENE,Barnes,ibarnesn2@redcross.org,Female,141.225.195.247
832,JUDITH,Clark,jclarkn3@about.me,Female,232.77.42.24
833,SAMUEL,Martinez,smartinezn4@soup.io,Male,61.141.250.249
834,IRENE,Austin,iaustinn5@bandcamp.com,Female,215.166.219.127
835,ALBERT,George,ageorgen6@exblog.jp,Male,79.233.95.216
836,BETTY,Black,bblackn7@timesonline.co.uk,Female,158.205.7.30
837,JIMMY,Franklin,jfranklinn8@stanford.edu,Male,253.205.229.75
838,MARTIN,Ray,mrayn9@alibaba.com,Male,197.69.254.53
839,JULIA,Roberts,jrobertsna@uol.com.br,Female,98.177.189.235
840,GARY,Boyd,gboydnb@cyberchimps.com,Male,159.5.72.94
841,GEORGE,Cole,gcolenc@yahoo.com,Male,95.239.143.85
842,ANNIE,Carter,acarternd@tuttocitta.it,Female,20.134.15.43
843,STEVEN,James,sjamesne@businessweek.com,Male,173.48.92.169
844,GEORGE,Garza,ggarzanf@biblegateway.com,Male,11.52.169.81
845,WAYNE,Hunt,whuntng@w3.org,Male,53.140.147.99
846,ANN,Flores,afloresnh@w3.org,Female,15.67.47.31
847,AMY,Simpson,asimpsonni@theglobeandmail.com,Female,12.54.49.133
848,LOUIS,Peters,lpetersnj@csmonitor.com,Male,83.69.184.180
849,JOYCE,Richardson,jrichardsonnk@lycos.com,Female,52.232.52.123
850,REBECCA,Henderson,rhendersonnl@wikimedia.org,Female,243.21.199.63
851,RALPH,Alexander,ralexandernm@businesswire.com,Male,140.246.247.229
852,AMANDA,Wallace,awallacenn@epa.gov,Female,76.25.255.105
853,ERIC,Brooks,ebrooksno@blogs.com,Male,197.178.55.223
854,KENNETH,Robertson,krobertsonnp@wikispaces.com,Male,192.207.136.114
855,ELIZABETH,Kelly,ekellynq@shop-pro.jp,Female,112.99.251.45
856,DENNIS,Morales,dmoralesnr@yahoo.com,Male,138.205.166.134
857,ARTHUR,Frazier,afrazierns@chron.com,Male,30.216.226.115
858,MARTIN,Matthews,mmatthewsnt@livejournal.com,Male,234.152.163.14
859,LOUIS,Jones,ljonesnu@dropbox.com,Male,53.37.212.235
860,GLORIA,Jordan,gjordannv@ca.gov,Female,89.113.159.94
861,CHRISTINE,Hawkins,chawkinsnw@ifeng.com,Female,115.204.128.219
862,LAURA,Hill,lhillnx@patch.com,Female,254.255.182.26
863,LORI,Lawson,llawsonny@barnesandnoble.com,Female,14.77.225.117
864,GEORGE,Kelley,gkelleynz@blogtalkradio.com,Male,178.218.56.252
865,ANNIE,Day,adayo0@bbc.co.uk,Female,242.71.129.90
866,STEVE,Graham,sgrahamo1@gnu.org,Male,128.72.157.29
867,PAULA,Wagner,pwagnero2@theglobeandmail.com,Female,109.102.146.224
868,RAYMOND,Medina,rmedinao3@cdbaby.com,Male,42.238.99.37
869,JERRY,Willis,jwilliso4@unc.edu,Male,199.9.46.217
870,JACQUELINE,Schmidt,jschmidto5@webs.com,Female,50.121.26.108
871,JACQUELINE,Jackson,jjacksono6@xrea.com,Female,230.6.86.247
872,FRED,Mason,fmasono7@shinystat.com,Male,237.55.55.199
873,SCOTT,Stephens,sstephenso8@behance.net,Male,3.201.46.184
874,NICOLE,Stephens,nstephenso9@angelfire.com,Female,88.113.1.55
875,DEBORAH,Wagner,dwagneroa@msu.edu,Female,150.190.50.31
876,CARL,Reed,creedob@zimbio.com,Male,84.202.15.61
877,CARL,Johnston,cjohnstonoc@bloomberg.com,Male,82.253.102.125
878,BRANDON,Chapman,bchapmanod@bravesites.com,Male,225.10.54.143
879,LARRY,Sims,lsimsoe@t-online.de,Male,50.52.124.97
880,EVELYN,Ray,erayof@cbc.ca,Female,111.137.146.36
881,JASON,Wood,jwoodog@baidu.com,Male,200.196.28.43
882,EARL,Perez,eperezoh@exblog.jp,Male,129.143.196.136
883,ROGER,Parker,rparkeroi@patch.com,Male,212.200.84.62
884,ROBIN,Garza,rgarzaoj@marriott.com,Female,215.217.93.105
885,PAUL,Webb,pwebbok@epa.gov,Male,245.209.43.221
886,BRUCE,FOSTER,bfosterol@engadget.com,Male,50.135.91.65
887,CHRIS,Carr,ccarrom@seesaa.net,Male,146.45.141.30
888,PETER,Butler,pbutleron@live.com,Male,202.126.19.152
889,BILLY,Hicks,bhicksoo@rakuten.co.jp,Male,169.162.86.4
890,NANCY,Mccoy,nmccoyop@e-recht24.de,Female,2.119.134.219
891,JEFFREY,Campbell,jcampbelloq@omniture.com,Male,101.113.247.202
892,KELLY,Duncan,kduncanor@microsoft.com,Female,250.249.27.245
893,KEVIN,Webb,kwebbos@a8.net,Male,38.28.78.43
894,RYAN,Wood,rwoodot@newsvine.com,Male,36.109.41.21
895,PATRICK,Fields,pfieldsou@yahoo.co.jp,Male,123.113.88.5
896,STEPHEN,Dean,sdeanov@etsy.com,Male,205.139.114.136
897,WILLIAM,Mason,wmasonow@freewebs.com,Male,134.244.244.29
898,RUTH,Stevens,rstevensox@wix.com,Female,140.41.174.59
899,LAWRENCE,GEORGE,lgeorgeoy@pbs.org,Male,187.50.25.41
900,ALICE,Henry,ahenryoz@techcrunch.com,Female,38.236.175.253
901,MICHAEL,Ray,mrayp0@mapquest.com,Male,119.203.230.206
902,CATHERINE,Morris,cmorrisp1@howstuffworks.com,Female,22.38.110.84
903,EMILY,Palmer,epalmerp2@moonfruit.com,Female,147.161.24.192
904,LILLIAN,Kennedy,lkennedyp3@dot.gov,Female,32.212.29.167
905,DANIEL,Williams,dwilliamsp4@purevolume.com,Male,88.100.50.82
906,EVELYN,Butler,ebutlerp5@springer.com,Female,168.91.209.146
907,LISA,Carter,lcarterp6@amazon.de,Female,178.171.57.197
908,ALBERT,Hudson,ahudsonp7@nationalgeographic.com,Male,46.28.192.247
909,STEPHEN,Montgomery,smontgomeryp8@google.com.br,Male,220.194.153.47
910,BRUCE,Morales,bmoralesp9@kickstarter.com,Male,92.78.121.76
911,REBECCA,Bell,rbellpa@java.com,Female,126.140.181.27
912,CHRIS,Jacobs,cjacobspb@senate.gov,Male,81.59.213.215
913,HENRY,Sanchez,hsanchezpc@va.gov,Male,245.202.196.121
914,HELEN,Black,hblackpd@europa.eu,Female,105.56.55.224
915,AMANDA,Stephens,astephenspe@tripod.com,Female,195.111.153.167
916,ADAM,Cruz,acruzpf@jimdo.com,Male,114.91.42.160
917,LOUISE,Wright,lwrightpg@hostgator.com,Female,197.18.208.57
918,PHILLIP,Scott,pscottph@yahoo.co.jp,Male,87.145.109.215
919,CHARLES,Brown,cbrownpi@springer.com,Male,127.235.78.64
920,THOMAS,Willis,twillispj@amazonaws.com,Male,35.222.111.29
921,PHYLLIS,Patterson,ppattersonpk@canalblog.com,Female,40.13.103.104
922,TIMOTHY,Turner,tturnerpl@businessweek.com,Male,61.89.113.31
923,STEVEN,Hart,shartpm@yellowbook.com,Male,186.91.220.110
924,WILLIE,Wilson,wwilsonpn@kickstarter.com,Male,48.51.177.128
925,ANDREW,Lane,alanepo@facebook.com,Male,138.207.133.137
926,TODD,Simpson,tsimpsonpp@statcounter.com,Male,172.105.251.207
927,HEATHER,Henderson,hhendersonpq@skype.com,Female,52.97.252.78
928,EDWARD,Jones,ejonespr@princeton.edu,Male,137.15.234.20
929,CHRISTINE,Nelson,cnelsonps@weibo.com,Female,50.81.5.216
930,ALBERT,Collins,acollinspt@blogtalkradio.com,Male,129.99.251.36
931,ROBIN,Diaz,rdiazpu@gravatar.com,Female,176.230.134.183
932,ANTONIO,Gray,agraypv@latimes.com,Male,165.60.210.208
933,BONNIE,Roberts,brobertspw@virginia.edu,Female,142.215.186.200
934,REBECCA,Murphy,rmurphypx@gizmodo.com,Female,47.44.25.185
935,BRANDON,Porter,bporterpy@mapy.cz,Male,194.120.155.160
936,EARL,Jordan,ejordanpz@who.int,Male,17.75.51.1
937,EDWARD,Richards,erichardsq0@wisc.edu,Male,169.164.102.245
938,SARA,Vasquez,svasquezq1@dailymotion.com,Female,115.193.219.219
939,KATHLEEN,Harris,kharrisq2@is.gd,Female,237.122.142.237
940,BENJAMIN,Bailey,bbaileyq3@google.com.hk,Male,185.177.107.17
941,MICHELLE,Mason,mmasonq4@furl.net,Female,122.73.165.120
942,ANDREW,Nguyen,anguyenq5@bloglines.com,Male,70.225.39.92
943,MARIA,Rose,mroseq6@webeden.co.uk,Female,79.233.240.147
944,JOAN,Rice,jriceq7@blogs.com,Female,97.194.149.121
945,WAYNE,Cooper,wcooperq8@cocolog-nifty.com,Male,25.251.81.92
946,JOE,Stone,jstoneq9@ehow.com,Male,57.138.240.228
947,JEFFREY,Martin,jmartinqa@cisco.com,Male,85.120.100.111
948,JOHN,Gonzalez,jgonzalezqb@pen.io,Male,121.90.30.211
949,DENNIS,Cooper,dcooperqc@ameblo.jp,Male,154.61.15.15
950,ANN,Montgomery,amontgomeryqd@wikia.com,Female,75.105.232.250
951,BARBARA,Lynch,blynchqe@engadget.com,Female,141.7.151.195
952,JEREMY,Lynch,jlynchqf@cnet.com,Male,24.30.110.30
953,JOE,Olson,jolsonqg@geocities.com,Male,139.207.31.72
954,KATHRYN,Watkins,kwatkinsqh@alibaba.com,Female,187.178.120.245
955,JEREMY,Hicks,jhicksqi@ftc.gov,Male,143.90.67.0
956,ERIC,Alexander,ealexanderqj@xrea.com,Male,63.30.123.111
957,THOMAS,Davis,tdavisqk@howstuffworks.com,Male,233.57.29.1
958,CHARLES,Hanson,chansonql@jalbum.net,Male,30.233.30.212
959,CAROLYN,Griffin,cgriffinqm@census.gov,Female,16.112.163.134
960,RICHARD,Jacobs,rjacobsqn@howstuffworks.com,Male,198.164.182.240
961,LARRY,Evans,levansqo@scribd.com,Male,152.154.86.191
962,LOUISE,Phillips,lphillipsqp@pbs.org,Female,174.105.18.54
963,PHILIP,Williams,pwilliamsqq@businesswire.com,Male,17.169.236.46
964,ANNE,Richardson,arichardsonqr@businessweek.com,Female,232.228.10.112
965,KATHRYN,Watkins,kwatkinsqs@mail.ru,Female,141.226.116.8
966,JACK,Scott,jscottqt@ning.com,Male,20.62.63.203
967,TERESA,Collins,tcollinsqu@soundcloud.com,Female,82.130.95.164
968,ANNA,Greene,agreeneqv@mysql.com,Female,83.234.111.116
969,KENNETH,Johnston,kjohnstonqw@xinhuanet.com,Male,52.154.136.252
970,BRIAN,Carpenter,bcarpenterqx@japanpost.jp,Male,173.193.154.248
971,ANNIE,Cook,acookqy@pbs.org,Female,117.6.35.2
972,SUSAN,Lewis,slewisqz@yolasite.com,Female,230.4.108.219
973,HOWARD,Lynch,hlynchr0@usatoday.com,Male,54.36.162.184
974,IRENE,Fox,ifoxr1@indiegogo.com,Female,237.175.189.56
975,JERRY,Fernandez,jfernandezr2@scribd.com,Male,215.112.225.197
976,EMILY,Nelson,enelsonr3@baidu.com,Female,22.216.33.45
977,BETTY,Butler,bbutlerr4@wordpress.org,Female,161.118.154.249
978,EUGENE,Scott,escottr5@senate.gov,Male,21.100.7.100
979,GERALD,Cooper,gcooperr6@multiply.com,Male,53.220.12.94
980,DENISE,Castillo,dcastillor7@youtube.com,Female,194.69.76.19
981,WALTER,Moore,wmoorer8@indiegogo.com,Male,40.80.227.234
982,PHILIP,Davis,pdavisr9@rediff.com,Male,35.226.101.214
983,DEBRA,Montgomery,dmontgomeryra@w3.org,Female,230.7.138.119
984,ROY,Peters,rpetersrb@ed.gov,Male,141.151.177.222
985,RONALD,Andrews,randrewsrc@sakura.ne.jp,Male,134.173.62.21
986,NORMA,Ross,nrossrd@kickstarter.com,Female,236.201.11.25
987,SCOTT,Day,sdayre@boston.com,Male,218.24.49.28
988,PETER,Mitchell,pmitchellrf@sfgate.com,Male,59.183.44.127
989,BRENDA,Parker,bparkerrg@studiopress.com,Female,75.238.162.206
990,KAREN,White,kwhiterh@nyu.edu,Female,141.87.154.16
991,CARLOS,George,cgeorgeri@e-recht24.de,Male,147.12.246.184
992,PETER,Sanders,psandersrj@zdnet.com,Male,132.56.73.73
993,ALBERT,Medina,amedinark@de.vu,Male,92.30.149.33
994,PHILLIP,Jones,pjonesrl@mozilla.com,Male,124.38.189.169
995,GERALD,Ford,gfordrm@pbs.org,Male,238.59.127.60
996,DOROTHY,Welch,dwelchrn@wiley.com,Female,172.235.62.65
997,PATRICIA,Kelley,pkelleyro@abc.net.au,Female,3.250.145.66
998,TERESA,Wilson,twilsonrp@tiny.cc,Female,39.235.31.239
999,CHARLES,Mitchell,cmitchellrq@epa.gov,Male,131.243.241.248
1000,LOUIS,Sims,lsimsrr@myspace.com,Male,210.238.66.155
